{"cameraMode":{"drawMode":0,"name":"Shaded","section":"Shading Mode"},"sceneLighting":true,"audioPlay":false,"sceneViewState":{"showFog":true,"showMaterialUpdate":false,"showSkybox":true,"showFlares":true,"showImageEffects":true,"showParticleSystems":true},"in2DMode":false,"pivot":{"x":1.4126613140106202,"y":0.5542572736740112,"z":-2.1719284057617189},"rotation":{"x":-0.01807553879916668,"y":0.9225508570671082,"z":-0.04478958249092102,"w":-0.3831578493118286},"size":0.8292862772941589,"orthographic":false}