{"cameraMode":{"drawMode":0,"name":"Shaded","section":"Shading Mode"},"sceneLighting":false,"audioPlay":false,"sceneViewState":{"showFog":true,"showMaterialUpdate":false,"showSkybox":true,"showFlares":true,"showImageEffects":true,"showParticleSystems":true},"in2DMode":false,"pivot":{"x":-10.479759216308594,"y":-1.9656569957733155,"z":33.57148742675781},"rotation":{"x":0.06696292012929917,"y":-0.3150174915790558,"z":0.022885359823703767,"w":0.9466480016708374},"size":10.0,"orthographic":false}