{"cameraMode":{"drawMode":0,"name":"Shaded","section":"Shading Mode"},"sceneLighting":true,"audioPlay":false,"sceneViewState":{"showFog":true,"showMaterialUpdate":false,"showSkybox":true,"showFlares":true,"showImageEffects":true,"showParticleSystems":true},"in2DMode":false,"pivot":{"x":-7.779929161071777,"y":1.0802325010299683,"z":-3.0168039798736574},"rotation":{"x":-0.12919513881206513,"y":0.44999709725379946,"z":-0.0665166825056076,"w":-0.8812734484672546},"size":3.0498738288879396,"orthographic":false}