{"cameraMode":{"drawMode":0,"name":"Shaded","section":"Shading Mode"},"sceneLighting":true,"audioPlay":false,"sceneViewState":{"showFog":true,"showMaterialUpdate":false,"showSkybox":true,"showFlares":true,"showImageEffects":true,"showParticleSystems":true},"in2DMode":false,"pivot":{"x":1.5747621059417725,"y":0.1785900592803955,"z":-2.263665199279785},"rotation":{"x":-0.06843917071819306,"y":0.9300626516342163,"z":-0.23102214932441712,"w":-0.27779823541641238},"size":3.5292859077453615,"orthographic":false}