{"cameraMode":{"drawMode":0,"name":"Shaded","section":"Shading Mode"},"sceneLighting":true,"audioPlay":false,"sceneViewState":{"showFog":true,"showMaterialUpdate":false,"showSkybox":true,"showFlares":true,"showImageEffects":true,"showParticleSystems":true},"in2DMode":false,"pivot":{"x":-6.000133037567139,"y":0.468526154756546,"z":-2.7778029441833498},"rotation":{"x":-0.2869426906108856,"y":0.3867090940475464,"z":-0.1285598874092102,"w":-0.8670896291732788},"size":1.8433990478515626,"orthographic":false}